chicken2breast,300,0.006
eggs,12,0.170833333
ham,10,0.1
tortilla_wraps,8,0.11875
edam,10,0.175
2avocado,2,1.25
