chicken2breast,1.8,0.006
eggs,2.05,0.1708333333333333
ham,1.0,0.1
tortilla_wraps,0.95,0.11875
edam,1.75,0.175
2avocado,2.5,1.25
